{
    "metrics": {
        "data_received": {
            "count": 62930492,
            "rate": 1048466.0865921098
        },
        "http_req_receiving": {
            "avg": 0.03529178129821042,
            "med": 0.022696,
            "p(95)": 0.0542285,
            "p(99)": 0.25262479999999843,
            "max": 27.914996
        },
        "vus_max": {
            "value": 300,
            "min": 300,
            "max": 300
        },
        "http_req_blocked": {
            "avg": 0.009628324739459439,
            "med": 0.003031,
            "p(95)": 0.006414,
            "p(99)": 0.022452,
            "max": 138.955013
        },
        "http_req_sending": {
            "avg": 0.015728422368131323,
            "med": 0.009059,
            "p(95)": 0.025530999999999998,
            "p(99)": 0.13023029999999994,
            "max": 75.74792
        },
        "vus": {
            "value": 300,
            "min": 300,
            "max": 300
        },
        "http_req_duration{expected_response:true}": {
            "avg": 43.417170865587025,
            "med": 15.258672,
            "p(95)": 92.948818,
            "p(99)": 100.97318469999998,
            "max": 194.182847
        },
        "http_req_connecting": {
            "avg": 0.0033496602711127143,
            "med": 0,
            "p(95)": 0,
            "p(99)": 0,
            "max": 40.253149
        },
        "checks": {
            "passes": 412891,
            "fails": 0,
            "value": 1
        },
        "http_reqs": {
            "count": 412891,
            "rate": 6879.053336482778
        },
        "http_req_tls_handshaking": {
            "avg": 0,
            "med": 0,
            "p(95)": 0,
            "p(99)": 0,
            "max": 0
        },
        "data_sent": {
            "count": 35990402,
            "rate": 599625.312635675
        },
        "http_req_duration": {
            "avg": 43.417170865587025,
            "med": 15.258672,
            "p(95)": 92.948818,
            "p(99)": 100.97318469999998,
            "max": 194.182847
        },
        "http_req_waiting": {
            "avg": 43.36615066192089,
            "med": 15.208612,
            "p(95)": 92.8930665,
            "p(99)": 100.91341899999999,
            "max": 194.155288
        },
        "iterations": {
            "count": 412891,
            "rate": 6879.053336482778
        },
        "iteration_duration": {
            "avg": 43.547444791033506,
            "med": 15.395317,
            "p(95)": 93.07195999999999,
            "p(99)": 101.1189533,
            "max": 194.255558
        },
        "http_req_failed": {
            "fails": 412891,
            "passes": 0,
            "value": 0
        }
    },
    "root_group": {
        "name": "",
        "path": "",
        "id": "d41d8cd98f00b204e9800998ecf8427e",
        "groups": {},
        "checks": {
                "get ok": {
                    "id": "fcd201be2f314bc4d09d89493915df83",
                    "passes": 371669,
                    "fails": 0,
                    "name": "get ok",
                    "path": "::get ok"
                },
                "put ok": {
                    "name": "put ok",
                    "path": "::put ok",
                    "id": "e3bfa8f744ea1579ad639b387ec6f776",
                    "passes": 41222,
                    "fails": 0
                }
            }
    }
}