{
    "metrics": {
        "checks": {
            "passes": 772153,
            "fails": 2,
            "value": 0.9999974098464687
        },
        "vus": {
            "value": 300,
            "min": 300,
            "max": 300
        },
        "data_sent": {
            "count": 67290264,
            "rate": 1120330.9444932379
        },
        "http_req_duration{expected_response:true}": {
            "avg": 23.17495082763066,
            "med": 13.526226,
            "p(95)": 65.99807600000001,
            "p(99)": 89.45695112,
            "max": 296.459892
        },
        "vus_max": {
            "value": 300,
            "min": 300,
            "max": 300
        },
        "http_reqs": {
            "count": 772155,
            "rate": 12855.784611651636
        },
        "http_req_connecting": {
            "p(95)": 0,
            "p(99)": 0,
            "max": 48.293666,
            "avg": 0.002836762524363633,
            "med": 0
        },
        "iterations": {
            "count": 772155,
            "rate": 12855.784611651636
        },
        "iteration_duration": {
            "max": 296.536624,
            "avg": 23.285663221844164,
            "med": 13.653568,
            "p(95)": 66.10358729999999,
            "p(99)": 89.59737623999987
        },
        "http_req_duration": {
            "avg": 23.174983615092174,
            "med": 13.526238,
            "p(95)": 65.99804849999998,
            "p(99)": 89.45694473999998,
            "max": 296.459892
        },
        "http_req_sending": {
            "avg": 0.012654722975308478,
            "med": 0.00839,
            "p(95)": 0.02589,
            "p(99)": 0.05926721999999974,
            "max": 29.280979
        },
        "data_received": {
            "rate": 1965063.272779079,
            "count": 118027291
        },
        "http_req_receiving": {
            "avg": 0.028086401864907923,
            "med": 0.020551,
            "p(95)": 0.055903,
            "p(99)": 0.11282221999999974,
            "max": 29.455934
        },
        "http_req_tls_handshaking": {
            "avg": 0,
            "med": 0,
            "p(95)": 0,
            "p(99)": 0,
            "max": 0
        },
        "http_req_waiting": {
            "avg": 23.134242490254003,
            "med": 13.482851,
            "p(95)": 65.94953859999998,
            "p(99)": 89.40477651999997,
            "max": 296.432791
        },
        "http_req_blocked": {
            "avg": 0.006403270356339004,
            "med": 0.002661,
            "p(95)": 0.00578,
            "p(99)": 0.02289,
            "max": 48.328386
        },
        "http_req_failed": {
            "passes": 2,
            "fails": 772153,
            "value": 0.0000025901535313505707
        }
    },
    "root_group": {
        "name": "",
        "path": "",
        "id": "d41d8cd98f00b204e9800998ecf8427e",
        "groups": {},
        "checks": {
                "get ok": {
                    "name": "get ok",
                    "path": "::get ok",
                    "id": "fcd201be2f314bc4d09d89493915df83",
                    "passes": 695280,
                    "fails": 1
                },
                "put ok": {
                    "name": "put ok",
                    "path": "::put ok",
                    "id": "e3bfa8f744ea1579ad639b387ec6f776",
                    "passes": 76873,
                    "fails": 1
                }
            }
    }
}