{
    "root_group": {
        "name": "",
        "path": "",
        "id": "d41d8cd98f00b204e9800998ecf8427e",
        "groups": {},
        "checks": {
                "get ok": {
                    "id": "fcd201be2f314bc4d09d89493915df83",
                    "passes": 369293,
                    "fails": 0,
                    "name": "get ok",
                    "path": "::get ok"
                },
                "put ok": {
                    "fails": 0,
                    "name": "put ok",
                    "path": "::put ok",
                    "id": "e3bfa8f744ea1579ad639b387ec6f776",
                    "passes": 40903
                }
            }
    },
    "metrics": {
        "http_req_tls_handshaking": {
            "avg": 0,
            "med": 0,
            "p(95)": 0,
            "p(99)": 0,
            "max": 0
        },
        "http_reqs": {
            "count": 410196,
            "rate": 6834.663191094509
        },
        "http_req_duration": {
            "med": 16.1710275,
            "p(95)": 93.44945675,
            "p(99)": 101.40057704999998,
            "max": 189.440212,
            "avg": 43.69701342591662
        },
        "http_req_waiting": {
            "avg": 43.646004361493546,
            "med": 16.1112275,
            "p(95)": 93.40571800000001,
            "p(99)": 101.3512574,
            "max": 189.391347
        },
        "data_received": {
            "count": 62358859,
            "rate": 1039019.8789016776
        },
        "vus": {
            "value": 300,
            "min": 300,
            "max": 300
        },
        "http_req_duration{expected_response:true}": {
            "avg": 43.69701342591662,
            "med": 16.1710275,
            "p(95)": 93.44945675,
            "p(99)": 101.40057704999998,
            "max": 189.440212
        },
        "http_req_connecting": {
            "avg": 0.008665189019395609,
            "med": 0,
            "p(95)": 0,
            "p(99)": 0,
            "max": 52.061682
        },
        "vus_max": {
            "value": 300,
            "min": 300,
            "max": 300
        },
        "http_req_blocked": {
            "max": 52.126153,
            "avg": 0.013210498156979613,
            "med": 0.003023,
            "p(95)": 0.006462,
            "p(99)": 0.022048
        },
        "http_req_sending": {
            "avg": 0.01709558242644965,
            "med": 0.008984,
            "p(95)": 0.02538625,
            "p(99)": 0.12847574999999842,
            "max": 28.81001
        },
        "http_req_failed": {
            "passes": 0,
            "fails": 410196,
            "value": 0
        },
        "checks": {
            "passes": 410196,
            "fails": 0,
            "value": 1
        },
        "http_req_receiving": {
            "med": 0.022593,
            "p(95)": 0.054151,
            "p(99)": 0.2370441499999995,
            "max": 38.572102,
            "avg": 0.0339134819964117
        },
        "data_sent": {
            "count": 35751307,
            "rate": 595686.3109011776
        },
        "iterations": {
            "count": 410196,
            "rate": 6834.663191094509
        },
        "iteration_duration": {
            "avg": 43.84280698217288,
            "med": 16.3480195,
            "p(95)": 93.580098,
            "p(99)": 101.57277409999998,
            "max": 189.558051
        }
    }
}