{
    "metrics": {
        "http_req_sending": {
            "avg": 0.011809780269592673,
            "med": 0.007911,
            "p(95)": 0.023003,
            "p(99)": 0.044384419999999924,
            "max": 65.68887
        },
        "http_req_blocked": {
            "med": 0.00237,
            "p(95)": 0.005209,
            "p(99)": 0.020171419999999926,
            "max": 65.797534,
            "avg": 0.006385230743422185
        },
        "http_req_waiting": {
            "avg": 16.445302934134595,
            "med": 6.569281,
            "p(95)": 71.0019408,
            "p(99)": 87.64639001999996,
            "max": 293.718765
        },
        "data_sent": {
            "count": 94115946,
            "rate": 1567093.538493768
        },
        "vus": {
            "value": 300,
            "min": 300,
            "max": 300
        },
        "http_req_failed": {
            "passes": 30,
            "fails": 1079329,
            "value": 0.000027794274194220828
        },
        "http_req_connecting": {
            "med": 0,
            "p(95)": 0,
            "p(99)": 0,
            "max": 57.826069,
            "avg": 0.0031333772989339042
        },
        "http_req_tls_handshaking": {
            "med": 0,
            "p(95)": 0,
            "p(99)": 0,
            "max": 0,
            "avg": 0
        },
        "iteration_duration": {
            "avg": 16.660445082224157,
            "med": 6.786025,
            "p(95)": 71.14904619999999,
            "p(99)": 87.87792115999999,
            "max": 293.853652
        },
        "vus_max": {
            "value": 300,
            "min": 300,
            "max": 300
        },
        "http_reqs": {
            "count": 1079359,
            "rate": 17972.05029012932
        },
        "http_req_duration{expected_response:true}": {
            "avg": 16.482233399582114,
            "med": 6.605156,
            "p(95)": 71.035375,
            "p(99)": 87.66512699999997,
            "max": 293.76367
        },
        "http_req_receiving": {
            "avg": 0.027068374663113525,
            "med": 0.018996,
            "p(95)": 0.043837499999999884,
            "p(99)": 0.08332419999999925,
            "max": 35.501445
        },
        "checks": {
            "passes": 1079329,
            "fails": 30,
            "value": 0.9999722057258058
        },
        "http_req_duration": {
            "avg": 16.484181089067263,
            "med": 6.605382,
            "p(95)": 71.04031919999998,
            "p(99)": 87.69191835999996,
            "max": 293.76367
        },
        "data_received": {
            "count": 164687050,
            "rate": 2742149.687669294
        },
        "iterations": {
            "count": 1079359,
            "rate": 17972.05029012932
        }
    },
    "root_group": {
        "path": "",
        "id": "d41d8cd98f00b204e9800998ecf8427e",
        "groups": {},
        "checks": {
                "get ok": {
                    "name": "get ok",
                    "path": "::get ok",
                    "id": "fcd201be2f314bc4d09d89493915df83",
                    "passes": 971120,
                    "fails": 27
                },
                "put ok": {
                    "name": "put ok",
                    "path": "::put ok",
                    "id": "e3bfa8f744ea1579ad639b387ec6f776",
                    "passes": 108209,
                    "fails": 3
                }
            },
        "name": ""
    }
}