{
    "root_group": {
        "name": "",
        "path": "",
        "id": "d41d8cd98f00b204e9800998ecf8427e",
        "groups": {},
        "checks": {
                "get ok": {
                    "passes": 1013971,
                    "fails": 19,
                    "name": "get ok",
                    "path": "::get ok",
                    "id": "fcd201be2f314bc4d09d89493915df83"
                },
                "put ok": {
                    "passes": 112508,
                    "fails": 2,
                    "name": "put ok",
                    "path": "::put ok",
                    "id": "e3bfa8f744ea1579ad639b387ec6f776"
                }
            }
    },
    "metrics": {
        "http_req_receiving": {
            "p(99)": 0.08108001000000001,
            "max": 30.271986,
            "avg": 0.02433725547092372,
            "med": 0.018251,
            "p(95)": 0.041512
        },
        "http_req_waiting": {
            "avg": 15.76646002367049,
            "med": 6.078772000000001,
            "p(95)": 70.7713844,
            "p(99)": 86.04894726000002,
            "max": 535.662834
        },
        "data_received": {
            "count": 172368833,
            "rate": 2869832.1958881505
        },
        "data_sent": {
            "count": 98196353,
            "rate": 1634907.2535531872
        },
        "iterations": {
            "count": 1126500,
            "rate": 18755.51346726355
        },
        "http_req_duration": {
            "med": 6.111841,
            "p(95)": 70.80721945,
            "p(99)": 86.09035795000003,
            "max": 535.687996,
            "avg": 15.801819705379046
        },
        "http_reqs": {
            "count": 1126500,
            "rate": 18755.51346726355
        },
        "vus_max": {
            "value": 300,
            "min": 300,
            "max": 300
        },
        "http_req_connecting": {
            "max": 64.173964,
            "avg": 0.0037578031557922767,
            "med": 0,
            "p(95)": 0,
            "p(99)": 0
        },
        "http_req_failed": {
            "passes": 21,
            "fails": 1126479,
            "value": 0.000018641810918774967
        },
        "vus": {
            "value": 300,
            "min": 300,
            "max": 300
        },
        "http_req_duration{expected_response:true}": {
            "avg": 15.800895202557273,
            "med": 6.111671,
            "p(95)": 70.8054467,
            "p(99)": 86.08055885999998,
            "max": 535.687996
        },
        "http_req_tls_handshaking": {
            "med": 0,
            "p(95)": 0,
            "p(99)": 0,
            "max": 0,
            "avg": 0
        },
        "http_req_blocked": {
            "avg": 0.006849043373265976,
            "med": 0.00229,
            "p(95)": 0.00489,
            "p(99)": 0.019721,
            "max": 69.91744
        },
        "http_req_sending": {
            "med": 0.00763,
            "p(95)": 0.022192,
            "p(99)": 0.043919040000000034,
            "max": 25.279519,
            "avg": 0.011022426237905293
        },
        "checks": {
            "passes": 1126479,
            "fails": 21,
            "value": 0.9999813581890812
        },
        "iteration_duration": {
            "p(99)": 86.23183591000003,
            "max": 535.781639,
            "avg": 15.960303942808517,
            "med": 6.2719325,
            "p(95)": 70.91767225000001
        }
    }
}