{
    "root_group": {
        "groups": {},
        "checks": {
                "get ok": {
                    "name": "get ok",
                    "path": "::get ok",
                    "id": "fcd201be2f314bc4d09d89493915df83",
                    "passes": 703522,
                    "fails": 1
                },
                "put ok": {
                    "name": "put ok",
                    "path": "::put ok",
                    "id": "e3bfa8f744ea1579ad639b387ec6f776",
                    "passes": 78058,
                    "fails": 0
                }
            },
        "name": "",
        "path": "",
        "id": "d41d8cd98f00b204e9800998ecf8427e"
    },
    "metrics": {
        "http_req_duration{expected_response:true}": {
            "max": 283.327634,
            "avg": 22.89537681781639,
            "med": 12.751251,
            "p(95)": 66.71341514999997,
            "p(99)": 89.46497357999989
        },
        "data_sent": {
            "count": 68128600,
            "rate": 1134399.7867156698
        },
        "http_req_failed": {
            "passes": 1,
            "fails": 781580,
            "value": 0.0000012794579192687643
        },
        "iterations": {
            "count": 781581,
            "rate": 13013.995879865723
        },
        "vus": {
            "value": 300,
            "min": 300,
            "max": 300
        },
        "http_req_tls_handshaking": {
            "avg": 0,
            "med": 0,
            "p(95)": 0,
            "p(99)": 0,
            "max": 0
        },
        "iteration_duration": {
            "avg": 23.004851210081437,
            "med": 12.874342,
            "p(95)": 66.826166,
            "p(99)": 89.60721439999995,
            "max": 283.398201
        },
        "http_req_connecting": {
            "p(95)": 0,
            "p(99)": 0,
            "max": 91.395658,
            "avg": 0.004355649750953516,
            "med": 0
        },
        "http_reqs": {
            "count": 781581,
            "rate": 13013.995879865723
        },
        "http_req_duration": {
            "p(95)": 66.713405,
            "p(99)": 89.46494359999986,
            "max": 283.327634,
            "avg": 22.895415574491867,
            "med": 12.751413
        },
        "http_req_sending": {
            "avg": 0.013149208391710564,
            "med": 0.00832,
            "p(95)": 0.025442,
            "p(99)": 0.055766,
            "max": 122.224392
        },
        "checks": {
            "passes": 781580,
            "fails": 1,
            "value": 0.9999987205420807
        },
        "data_received": {
            "count": 119098297,
            "rate": 1983089.0802834562
        },
        "vus_max": {
            "value": 300,
            "min": 300,
            "max": 300
        },
        "http_req_blocked": {
            "avg": 0.009087187164209464,
            "med": 0.002629,
            "p(95)": 0.005721,
            "p(99)": 0.022543399999999672,
            "max": 133.794183
        },
        "http_req_waiting": {
            "avg": 22.854379611257972,
            "med": 12.709531,
            "p(95)": 66.66514,
            "p(99)": 89.42175319999997,
            "max": 283.302461
        },
        "http_req_receiving": {
            "p(99)": 0.103289,
            "max": 42.94323,
            "avg": 0.0278867548417876,
            "med": 0.020218,
            "p(95)": 0.053735
        }
    }
}