{
    "root_group": {
        "checks": {
            "get ok": {
                "name": "get ok",
                "path": "::get ok",
                "id": "fcd201be2f314bc4d09d89493915df83",
                "passes": 590225,
                "fails": 0
            },
            "put ok": {
                "name": "put ok",
                "path": "::put ok",
                "id": "e3bfa8f744ea1579ad639b387ec6f776",
                "passes": 65595,
                "fails": 0
            }
        },
        "name": "",
        "path": "",
        "id": "d41d8cd98f00b204e9800998ecf8427e",
        "groups": {}
    },
    "metrics": {
        "iterations": {
            "count": 655820,
            "rate": 10916.422856629963
        },
        "http_req_failed": {
            "passes": 0,
            "fails": 655820,
            "value": 0
        },
        "http_reqs": {
            "count": 655820,
            "rate": 10916.422856629963
        },
        "checks": {
            "passes": 655820,
            "fails": 0,
            "value": 1
        },
        "http_req_duration": {
            "avg": 40.99844652957361,
            "med": 19.6261665,
            "p(95)": 83.88677675,
            "p(99)": 94.51206509999989,
            "max": 303.588434
        },
        "http_req_duration{expected_response:true}": {
            "avg": 40.99844652957361,
            "med": 19.6261665,
            "p(95)": 83.88677675,
            "p(99)": 94.51206509999989,
            "max": 303.588434
        },
        "iteration_duration": {
            "med": 19.7503065,
            "p(95)": 84.02230404999997,
            "p(99)": 94.62748758000001,
            "max": 303.736084,
            "avg": 41.145254964277974
        },
        "vus_max": {
            "value": 450,
            "min": 450,
            "max": 450
        },
        "http_req_tls_handshaking": {
            "p(95)": 0,
            "p(99)": 0,
            "max": 0,
            "avg": 0,
            "med": 0
        },
        "http_req_sending": {
            "avg": 0.014124760483058016,
            "med": 0.00859,
            "p(95)": 0.02676,
            "p(99)": 0.09863890999999934,
            "max": 91.729663
        },
        "data_sent": {
            "count": 57173369,
            "rate": 951676.7895796696
        },
        "http_req_blocked": {
            "max": 84.882823,
            "avg": 0.015012515798524478,
            "med": 0.00264,
            "p(95)": 0.00567,
            "p(99)": 0.02255
        },
        "http_req_waiting": {
            "avg": 40.95371954340141,
            "med": 19.586187000000002,
            "p(95)": 83.84452139999998,
            "p(99)": 94.45306957999999,
            "max": 303.553184
        },
        "http_req_receiving": {
            "avg": 0.030602225689975854,
            "med": 0.02095,
            "p(95)": 0.05232,
            "p(99)": 0.19530130999999692,
            "max": 32.132011
        },
        "data_received": {
            "rate": 1661958.5650621231,
            "count": 99844581
        },
        "vus": {
            "value": 450,
            "min": 450,
            "max": 450
        },
        "http_req_connecting": {
            "avg": 0.011100949048519425,
            "med": 0,
            "p(95)": 0,
            "p(99)": 0,
            "max": 76.86305
        }
    }
}