{
    "root_group": {
        "name": "",
        "path": "",
        "id": "d41d8cd98f00b204e9800998ecf8427e",
        "groups": {},
        "checks": {
                "get ok": {
                    "name": "get ok",
                    "path": "::get ok",
                    "id": "fcd201be2f314bc4d09d89493915df83",
                    "passes": 1072959,
                    "fails": 3
                },
                "put ok": {
                    "name": "put ok",
                    "path": "::put ok",
                    "id": "e3bfa8f744ea1579ad639b387ec6f776",
                    "passes": 119716,
                    "fails": 1
                }
            }
    },
    "metrics": {
        "http_req_duration": {
            "max": 865.262294,
            "avg": 22.243588312690733,
            "med": 13.744768,
            "p(95)": 66.66204899999991,
            "p(99)": 103.42451661999999
        },
        "vus_max": {
            "value": 450,
            "min": 450,
            "max": 450
        },
        "checks": {
            "passes": 1192675,
            "fails": 4,
            "value": 0.9999966462057268
        },
        "http_req_duration{expected_response:true}": {
            "avg": 22.243338207996874,
            "med": 13.744754,
            "p(95)": 66.66171160000002,
            "p(99)": 103.42332712000001,
            "max": 865.262294
        },
        "http_req_sending": {
            "avg": 0.01313049113968861,
            "med": 0.0079,
            "p(95)": 0.02454,
            "p(99)": 0.0545,
            "max": 32.070084
        },
        "http_req_connecting": {
            "avg": 0.0070870964660231205,
            "med": 0,
            "p(95)": 0,
            "p(99)": 0,
            "max": 65.16806
        },
        "http_req_tls_handshaking": {
            "p(95)": 0,
            "p(99)": 0,
            "max": 0,
            "avg": 0,
            "med": 0
        },
        "http_req_waiting": {
            "p(95)": 66.61916749999997,
            "p(99)": 103.38297877999993,
            "max": 865.237693,
            "avg": 22.202723005056594,
            "med": 13.703814
        },
        "data_sent": {
            "rate": 1732015.7233386263,
            "count": 104007905
        },
        "data_received": {
            "count": 182467857,
            "rate": 3038588.243152326
        },
        "iterations": {
            "count": 1192679,
            "rate": 19861.363238647962
        },
        "iteration_duration": {
            "avg": 22.604261660455105,
            "med": 14.24182,
            "p(95)": 66.96671219999995,
            "p(99)": 103.82802631999988,
            "max": 865.348783
        },
        "vus": {
            "value": 450,
            "min": 450,
            "max": 450
        },
        "http_reqs": {
            "count": 1192679,
            "rate": 19861.363238647962
        },
        "http_req_blocked": {
            "avg": 0.010437115506331354,
            "med": 0.00245,
            "p(95)": 0.00525,
            "p(99)": 0.021762759999999777,
            "max": 78.400496
        },
        "http_req_receiving": {
            "max": 45.235368,
            "avg": 0.027734816495468103,
            "med": 0.01876,
            "p(95)": 0.0449,
            "p(99)": 0.10543461999999941
        },
        "http_req_failed": {
            "passes": 4,
            "fails": 1192675,
            "value": 0.0000033537942732285886
        }
    }
}