{
    "metrics": {
        "http_req_tls_handshaking": {
            "avg": 0,
            "med": 0,
            "p(95)": 0,
            "p(99)": 0,
            "max": 0
        },
        "http_req_waiting": {
            "p(95)": 68.16781940000004,
            "p(99)": 102.10461764000016,
            "max": 376.789,
            "avg": 22.177296811004005,
            "med": 13.60541
        },
        "data_received": {
            "count": 182084724,
            "rate": 3032928.2136301296
        },
        "http_req_duration{expected_response:true}": {
            "avg": 22.220141655864087,
            "med": 13.648529,
            "p(95)": 68.2100451,
            "p(99)": 102.1675874000001,
            "max": 376.96047
        },
        "http_req_failed": {
            "passes": 0,
            "fails": 1193015,
            "value": 0
        },
        "http_reqs": {
            "rate": 19871.677169271756,
            "count": 1193015
        },
        "vus": {
            "value": 450,
            "min": 450,
            "max": 450
        },
        "http_req_connecting": {
            "max": 160.965305,
            "avg": 0.003008027236036428,
            "med": 0,
            "p(95)": 0,
            "p(99)": 0
        },
        "http_req_receiving": {
            "avg": 0.028491178249224813,
            "med": 0.01908,
            "p(95)": 0.04638,
            "p(99)": 0.12033580000000307,
            "max": 45.956733
        },
        "vus_max": {
            "max": 450,
            "value": 450,
            "min": 450
        },
        "iteration_duration": {
            "avg": 22.59317880034007,
            "med": 14.142665,
            "p(95)": 68.46164810000002,
            "p(99)": 102.41105500000008,
            "max": 377.0372
        },
        "http_req_duration": {
            "avg": 22.220141655864087,
            "med": 13.648529,
            "p(95)": 68.2100451,
            "p(99)": 102.1675874000001,
            "max": 376.96047
        },
        "http_req_sending": {
            "med": 0.008001,
            "p(95)": 0.024991,
            "p(99)": 0.057458600000001026,
            "max": 151.725978,
            "avg": 0.01435366661105739
        },
        "checks": {
            "passes": 1193015,
            "fails": 0,
            "value": 1
        },
        "data_sent": {
            "rate": 1732130.5230867062,
            "count": 103990100
        },
        "iterations": {
            "rate": 19871.677169271756,
            "count": 1193015
        },
        "http_req_blocked": {
            "med": 0.00249,
            "p(95)": 0.00543,
            "p(99)": 0.02215,
            "max": 161.429898,
            "avg": 0.0066391802818770215
        }
    },
    "root_group": {
        "name": "",
        "path": "",
        "id": "d41d8cd98f00b204e9800998ecf8427e",
        "groups": {},
        "checks": {
                "get ok": {
                    "name": "get ok",
                    "path": "::get ok",
                    "id": "fcd201be2f314bc4d09d89493915df83",
                    "passes": 1073907,
                    "fails": 0
                },
                "put ok": {
                    "id": "e3bfa8f744ea1579ad639b387ec6f776",
                    "passes": 119108,
                    "fails": 0,
                    "name": "put ok",
                    "path": "::put ok"
                }
            }
    }
}