{
    "root_group": {
        "name": "",
        "path": "",
        "id": "d41d8cd98f00b204e9800998ecf8427e",
        "groups": {},
        "checks": {
                "get ok": {
                    "name": "get ok",
                    "path": "::get ok",
                    "id": "fcd201be2f314bc4d09d89493915df83",
                    "passes": 587553,
                    "fails": 0
                },
                "put ok": {
                    "name": "put ok",
                    "path": "::put ok",
                    "id": "e3bfa8f744ea1579ad639b387ec6f776",
                    "passes": 65433,
                    "fails": 0
                }
            }
    },
    "metrics": {
        "http_req_sending": {
            "max": 29.395748,
            "avg": 0.013472737096965089,
            "med": 0.008491,
            "p(95)": 0.02638,
            "p(99)": 0.09203150000000024
        },
        "http_req_receiving": {
            "avg": 0.02970533219395257,
            "med": 0.02094,
            "p(95)": 0.05127,
            "p(99)": 0.19375400000000048,
            "max": 47.917349
        },
        "checks": {
            "passes": 652986,
            "fails": 0,
            "value": 1
        },
        "iterations": {
            "count": 652986,
            "rate": 10871.253595681535
        },
        "http_req_duration{expected_response:true}": {
            "max": 140.52248,
            "avg": 41.17800536065659,
            "med": 19.7178025,
            "p(95)": 83.82279025,
            "p(99)": 94.42933550000001
        },
        "data_sent": {
            "count": 56935704,
            "rate": 947895.4783604237
        },
        "vus": {
            "value": 450,
            "min": 450,
            "max": 450
        },
        "http_req_duration": {
            "med": 19.7178025,
            "p(95)": 83.82279025,
            "p(99)": 94.42933550000001,
            "max": 140.52248,
            "avg": 41.17800536065659
        },
        "http_req_waiting": {
            "med": 19.679532,
            "p(95)": 83.77934525,
            "p(99)": 94.382209,
            "max": 136.313112,
            "avg": 41.134827291362654
        },
        "http_req_blocked": {
            "avg": 0.011082795733737048,
            "med": 0.0026,
            "p(95)": 0.0055007499999999996,
            "p(99)": 0.02199,
            "max": 44.768422
        },
        "http_req_tls_handshaking": {
            "avg": 0,
            "med": 0,
            "p(95)": 0,
            "p(99)": 0,
            "max": 0
        },
        "vus_max": {
            "value": 450,
            "min": 450,
            "max": 450
        },
        "http_reqs": {
            "count": 652986,
            "rate": 10871.253595681535
        },
        "iteration_duration": {
            "avg": 41.33217247887621,
            "med": 19.861348,
            "p(95)": 83.93167525,
            "p(99)": 94.55217765,
            "max": 145.233527
        },
        "http_req_connecting": {
            "p(95)": 0,
            "p(99)": 0,
            "max": 44.733853,
            "avg": 0.007447355070399681,
            "med": 0
        },
        "http_req_failed": {
            "passes": 0,
            "fails": 652986,
            "value": 0
        },
        "data_received": {
            "count": 99702546,
            "rate": 1659900.3067463986
        }
    }
}