{
    "metrics": {
        "data_sent": {
            "count": 137543368,
            "rate": 2292172.3832720676
        },
        "http_req_duration": {
            "p(95)": 42.12849085,
            "p(99)": 66.84542236,
            "max": 249.382819,
            "avg": 14.540784265975901,
            "med": 10.690218999999999
        },
        "http_req_waiting": {
            "max": 249.349845,
            "avg": 14.47310058133407,
            "med": 10.628044500000001,
            "p(95)": 42.04986944999996,
            "p(99)": 66.75797199999938
        },
        "http_req_sending": {
            "avg": 0.02623617806018791,
            "med": 0.008657,
            "p(95)": 0.021606,
            "p(99)": 0.05978732999999961,
            "max": 50.941089
        },
        "http_req_connecting": {
            "avg": 0.007471254429722008,
            "med": 0,
            "p(95)": 0,
            "p(99)": 0,
            "max": 92.640524
        },
        "http_req_tls_handshaking": {
            "med": 0,
            "p(95)": 0,
            "p(99)": 0,
            "max": 0,
            "avg": 0
        },
        "http_req_failed": {
            "passes": 0,
            "fails": 1578090,
            "value": 0
        },
        "http_req_receiving": {
            "avg": 0.041447506582007736,
            "med": 0.021447,
            "p(95)": 0.041232,
            "p(99)": 0.22113143999999949,
            "max": 66.306004
        },
        "checks": {
            "passes": 1578090,
            "fails": 0,
            "value": 1
        },
        "http_req_blocked": {
            "p(95)": 0.009515,
            "p(99)": 0.017228,
            "max": 111.163366,
            "avg": 0.012179284685916714,
            "med": 0.003063
        },
        "vus": {
            "value": 450,
            "min": 450,
            "max": 450
        },
        "vus_max": {
            "value": 450,
            "min": 450,
            "max": 450
        },
        "http_req_duration{expected_response:true}": {
            "avg": 14.540784265975901,
            "med": 10.690218999999999,
            "p(95)": 42.12849085,
            "p(99)": 66.84542236,
            "max": 249.382819
        },
        "iterations": {
            "count": 1578090,
            "rate": 26299.00931550416
        },
        "http_reqs": {
            "rate": 26299.00931550416,
            "count": 1578090
        },
        "data_received": {
            "count": 241152968,
            "rate": 4018835.5238886736
        },
        "iteration_duration": {
            "med": 12.615746000000001,
            "p(95)": 47.05453844999993,
            "p(99)": 69.67472811999993,
            "max": 249.505523,
            "avg": 16.9423808420227
        }
    },
    "root_group": {
        "id": "d41d8cd98f00b204e9800998ecf8427e",
        "groups": {},
        "checks": {
                "get ok": {
                    "name": "get ok",
                    "path": "::get ok",
                    "id": "fcd201be2f314bc4d09d89493915df83",
                    "passes": 1420699,
                    "fails": 0
                },
                "put ok": {
                    "name": "put ok",
                    "path": "::put ok",
                    "id": "e3bfa8f744ea1579ad639b387ec6f776",
                    "passes": 157391,
                    "fails": 0
                }
            },
        "name": "",
        "path": ""
    }
}