{
    "metrics": {
        "http_reqs": {
            "rate": 27019.875383254723,
            "count": 1621376
        },
        "http_req_connecting": {
            "p(95)": 0,
            "p(99)": 0,
            "max": 120.733074,
            "avg": 0.010149281358549766,
            "med": 0
        },
        "http_req_receiving": {
            "p(95)": 0.041362,
            "p(99)": 0.23734349999999999,
            "max": 60.435674,
            "avg": 0.043083022887350456,
            "med": 0.021475
        },
        "http_req_failed": {
            "passes": 0,
            "fails": 1621376,
            "value": 0
        },
        "vus_max": {
            "max": 450,
            "value": 450,
            "min": 450
        },
        "http_req_sending": {
            "avg": 0.027089139422934762,
            "med": 0.008654,
            "p(95)": 0.021728,
            "p(99)": 0.06586775,
            "max": 51.111973
        },
        "http_req_waiting": {
            "max": 284.852398,
            "avg": 14.208752100824272,
            "med": 10.590323,
            "p(95)": 40.1186595,
            "p(99)": 65.05334675
        },
        "http_req_blocked": {
            "avg": 0.014619394271899051,
            "med": 0.003067,
            "p(95)": 0.009644,
            "p(99)": 0.017499,
            "max": 120.774471
        },
        "iterations": {
            "count": 1621376,
            "rate": 27019.875383254723
        },
        "vus": {
            "value": 450,
            "min": 450,
            "max": 450
        },
        "data_sent": {
            "count": 141376786,
            "rate": 2356013.1270014304
        },
        "http_req_duration": {
            "avg": 14.27892426313598,
            "med": 10.6526055,
            "p(95)": 40.211838,
            "p(99)": 65.1387495,
            "max": 284.8881
        },
        "checks": {
            "fails": 0,
            "passes": 1621376,
            "value": 1
        },
        "http_req_duration{expected_response:true}": {
            "avg": 14.27892426313598,
            "med": 10.6526055,
            "p(95)": 40.211838,
            "p(99)": 65.1387495,
            "max": 284.8881
        },
        "data_received": {
            "count": 248224856,
            "rate": 4136612.775905372
        },
        "iteration_duration": {
            "avg": 16.510701515563284,
            "med": 12.553301,
            "p(95)": 44.92741575,
            "p(99)": 67.41606974999999,
            "max": 284.970473
        },
        "http_req_tls_handshaking": {
            "avg": 0,
            "med": 0,
            "p(95)": 0,
            "p(99)": 0,
            "max": 0
        }
    },
    "root_group": {
        "path": "",
        "id": "d41d8cd98f00b204e9800998ecf8427e",
        "groups": {},
        "checks": {
                "get ok": {
                    "name": "get ok",
                    "path": "::get ok",
                    "id": "fcd201be2f314bc4d09d89493915df83",
                    "passes": 1458829,
                    "fails": 0
                },
                "put ok": {
                    "fails": 0,
                    "name": "put ok",
                    "path": "::put ok",
                    "id": "e3bfa8f744ea1579ad639b387ec6f776",
                    "passes": 162547
                }
            },
        "name": ""
    }
}